addax;animaux;addax;addax;addax
agneau;animaux;lamb;lamm;cordero
agouti;animaux;agouti;agouti;aguti
aigle;animaux;eagle;adler;aguila
albatros;animaux;albatross;albatros;albatros
alligator;animaux;alligator;alligator;caiman
alpaga;animaux;alpaca;alpaka;alpaca
anaconda;animaux;anaconda;anakonda;anaconda
ane;animaux;donkey;esel;burro
anoa;animaux;anoa;anoa;anoa
antilope;animaux;antelope;antilope;antilope
araignee;animaux;spider;spinne;arana
atele;animaux;atele;atele;atele
autruche;animaux;ostrich;strauss;avestruz
aye aye;animaux;aye aye;aye aye;ey ey
babouin;animaux;baboon;pavian;babuino
baleine;animaux;whale;wal;ballena
belette;animaux;weasel;wiesel;comadreja
beluga;animaux;beluga;beluga;beluga
biche;animaux;doe;damhirschkuh;cierva
bison;animaux;bison;bison;bisonte
blaireau;animaux;badger;dachs;tejon
blobfish;animaux;blobfish;blobfish;pez gota
boa;animaux;boa;boa;boa
boeuf;animaux;beef;rindfleisch;carne de res
bongos;animaux;bongo;bongo;bongo
bonobo;animaux;bonobo;bonobo;bonobo
bouquetin;animaux;ibex;steinbock;cabra montes
brebis;animaux;sheep;schaf;oveja
buffle;animaux;buffalo;buffel;bufalo
cachalot;animaux;sperm whale;pottwal;esperma
campagnol;animaux;vole;wuhlmaus;campanol
canard;animaux;duck;ente;pato
capucin;animaux;capuchin;kapuziner;capucho
capybara;animaux;capybara;capybara;capibara
caracal;animaux;caracal;karakal;lince
carcajou;animaux;wolverine;vielfrass;gloton
caribou;animaux;caribou;karibu;caribu
carpe;animaux;carp;karpfen;carpa
castor;animaux;beaver;biber;castor
cerf;animaux;stag;hirsch;ciervo
chacal;animaux;jackal;schakal;chacal
chameau;animaux;camel;kamel;camello
chamois;animaux;chamois;chamois;gamuza
chat;animaux;cat;katze;gato
chaus;animaux;chaus;chaus;chaus
chauve souris;animaux;bat;schlager;muercielago
cheval;animaux;horse;pferd;caballo
chevre;animaux;goat;ziege;cabra
chevreuil;animaux;deer;hirsch;ciervo
chien;animaux;dog;hund;perro
chimpanze;animaux;chimpanzee;schimpanse;chimpance
chinchilla;animaux;chinchilla;chinchilla;chinchilla
chouette;animaux;owl;eule;buho
cigogne;animaux;stork;storch;ciguena
civette;animaux;civet;zivil;algalia
coati;animaux;coat;mantel;saco
cobaye;animaux;guinea pig;meerschweinchen;conejillo de indias
cobe;animaux;cobe;cobe;coba
coccinelle;animaux;ladybug;marienkafer;mariquita
cochon;animaux;pig;schwein;cerdo
colocolo;animaux;colocolo;colocolo;colo colo
coq;animaux;rooster;hahn;gallo
couscous;animaux;couscous;couscous;cuscus
coyote;animaux;coyote;kojote;coyote
crabe;animaux;crab;krabbe;cangrejo
crocodile;animaux;crocodile;krokodil;cocodrilo
cygne;animaux;swan;schwan;cisne
daim;animaux;suede;wildleder-;ante
dauphin;animaux;dolphin;delfin;delfin
dinde;animaux;turkey;truthahn;turquia
dindon;animaux;turkey;truthahn;turquia
dingo;animaux;dingo;dingo;dingo
drill;animaux;drill;bohren;taladro
dromadaire;animaux;camel;kamel;camello
echidne;animaux;echidne;echidne;echidne
ecureuil;animaux;squirrel;eichhornchen;ardilla
elan;animaux;momentum;schwung;impulso
eland;animaux;eland;eland;elando
elephant;animaux;elephant;elefant;elefante
emeu;animaux;emu;emu;emu
epaulard;animaux;epaulard;eizellen;chaqueta
escargot;animaux;snail;schnecke;caracol
espadon;animaux;swordfish;schwertfisch;pez espada
eyra;animaux;eyra;eyra;eyra
faisan;animaux;pheasant;fasan;faisan
faon;animaux;fawn;kitz;adular
faucon;animaux;falcon;falke;halcon
fennec;animaux;fennec;fennec;fennec
flamant rose;animaux;flamingo;flamingo;flamenco
fouine;animaux;foul;foul;falta
fourmilier;animaux;anteater;ameisenbar;oso hormiguero
furet;animaux;ferret;frettchen;huron
gaufre;animaux;waffle;waffel;gofre
gaur;animaux;gaur;gaur;gaur
gazelle;animaux;gazelle;gazelle;gacela
gelada;animaux;gelada;gelada;gelada
genette;animaux;genette;genette;genette
gerbille;animaux;gerbille;gerbille;gerbille
gerboise;animaux;jerboa;jerboa;gerbo
gibbon;animaux;gibbon;gibbon;gibon
girafe;animaux;giraffe;giraffe;jirafa
glouton;animaux;gluttonous;gefrassig;gloton
gnou;animaux;wildebeest;wellebeest;nu
goret;animaux;gore;blut;sangre
gorille;animaux;gorilla;gorilla;gorila
grenouille;animaux;frog;frosch;rana
grizzly;animaux;grizzly;grizzly;oso pardo
grue;animaux;crane;kran;grua
guanaco;animaux;guanaco;guanaco;guanaco
guepard;animaux;cheetah;gepard;leopardo
guigna;animaux;guigna;guigna;guia
hamster;animaux;hamster;hamster;hamster
herisson;animaux;hedgehog;igel;erizo
hermine;animaux;ermine;hermelin;armino
heron;animaux;heron;reiher;garza
hibou;animaux;owl;eule;buho
hippocampe;animaux;hippocampus;hippocampus;hipocampo
hippopotame;animaux;hippopotamus;nilpferd;hipopotamo
hirondelle;animaux;swallow;schlucken;tragar
hyene;animaux;hyena;hyane;hiena
ibis;animaux;ibis;ibis;ibis
iguane;animaux;iguana;leguan;iguana
impala;animaux;imparable;unnotig;imparible
isard;animaux;isard;isard;isard
isatis;animaux;isatis;isatis;isatis
jaguar;animaux;jaguar;jaguar;jaguar
jaguarondi;animaux;jaguarondi;jaguarondi;jaguarondi
kangourou;animaux;kangaroo;kanguru;canguro
kiwi;animaux;kiwi;kiwi;kiwi
koala;animaux;koala;koala;coala
kodiak;animaux;kodiak;kodiak;kodiak
kodkod;animaux;kodkod;kodkod;kodkod
koudou;animaux;koudou;koudou;koudou
lamantin;animaux;manatee;seekuh;manati
lamas;animaux;lamas;lamas;lamas
lapin;animaux;rabbit;hase;conejo
lemming;animaux;lemming;lemming;leming
lemurien;animaux;lemurian;lemurian;lemuriano
leopard;animaux;leopard;leopard;leopardo
lerot;animaux;the burp;das rulpsen;el eructo
lezard;animaux;lizard;eidechse;lagarto
lievre;animaux;hare;hase;liebre
lion;animaux;lion;lowe;leon
loir;animaux;loyalty;loyalitat;lealtad
lophophore;animaux;lophophore;lophophore;lopoforo
lori;animaux;lori;lori;lori
loup;animaux;wolf;wolf;lobo
loutre;animaux;otter;otter;nutria
lycaons;animaux;lycaons;lykaons;lycaons
lynx;animaux;lynx;luchs;lince
macaque;animaux;macaque;makaken;macaco
mammouth;animaux;mammoth;mammut-;mamut
manchot;animaux;penguin;pinguin;pinguino
mandrill;animaux;mandrill;mandrill;mandril
mangouste;animaux;mongoose;mungo;mangosta
manul;animaux;manul;manul;manul
mara;animaux;mara;mara;marina
marmotte;animaux;marmot;murmeltier;marmota
marsouin;animaux;porpoise;tummler;marsopa
martre;animaux;marten;marder;marta
mesange;animaux;tit;tit;teta
morse;animaux;walrus;walross;morsa
mouette;animaux;seagull;mowe;gaviota
moufette;animaux;skip;uberspringen;saltar
mouflon;animaux;mouflon;mouflon;mouflon
mouton;animaux;sheep;schaf;oveja
mulet;animaux;mule;maultier;mula
mulot;animaux;mulot;mulot;mulote
musaraigne;animaux;shrew;spitzmaus;musarana
muscardin;animaux;muscardin;muscardin;muscardina
naja;animaux;naja;naja;naja
nandou;animaux;nandou;nandou;nandou
narval;animaux;narwhal;narwal;narval
nasique;animaux;nasical;nasisch;nasico
nason;animaux;nason;nason;nason
noctule;animaux;noctula;noctula;noctula
notou;animaux;notou;notou;nota
numbat;animaux;numbat;taub;numorito
ocelot;animaux;ocelot;ozelot;ocelote
octodon;animaux;octodon;oktodon;octodon
oie;animaux;goose;gans;ganso
okapi;animaux;okapi;okapi;okapi
once;animaux;ounce;unze;onza
opossum;animaux;opossum;beutelratte;zarigueya
oran;animaux;oran;oran;oran
ornithorynque;animaux;platypus;schnabeltier;ornitorrinco
orques;animaux;killer whales;killerwale;orcas
orycterope;animaux;olycterope;olycterope;olicerope
oryx;animaux;oryx;oryx;orix
otarie;animaux;sea ​​lion;seelowe;leon marino
ouistiti;animaux;marmoset;marmoset;titi
ours;animaux;bear;bar;llevar
panda;animaux;panda;panda;panda
pangolin;animaux;pangolin;pangolin;pangolin
panthere;animaux;panther;panther;pantera
paon;animaux;peacock;pfau;pavo real
paresseux;animaux;lazy;faul;vago
pecaris;animaux;pecaris;pecaris;pecaris
pekan;animaux;pekan;pekan;pekan
pelican;animaux;pelican;pelikan;pelicano
perroquet;animaux;parrot;papagei;loro
phacochere;animaux;phacocochere;phacocochere;facocochere
phoque;animaux;seal;siegel;sello
pie;animaux;sparkle;funkeln;brillar
pika;animaux;pika;pika;pika
pingouin;animaux;penguin;pinguin;pinguino
pipistrelles;animaux;pipistrelles;pipistrelles;pipistelles
piton;animaux;piton;felshaken;piton
pogona;animaux;pogona;pogona;pogona
poisson;animaux;fish;fische;pez
polatouche;animaux;polar;polar-;polar
poney;animaux;pony;pony;poni
porc;animaux;pork;schweinefleisch;cerdo
porc epic;animaux;pork epic;schweinefleisch episch;epico de cerdo
poule;animaux;chicken;hahnchen;pollo
poulet;animaux;chicken;hahnchen;pollo
poulpe;animaux;octopus;krake;pulpo
poussin;animaux;chick;kuken;pollito
puma;animaux;puma;puma;puma
putois;animaux;pole;pole;polo
python;animaux;python;python;piton
quetzal;animaux;quetzal;quetzal;quetzal
quiscale;animaux;quiscal;quiscal;quiscal
quokka;animaux;quokka;quokka;quokka
ragondin;animaux;ragonde;ragonde;ragonde
rat;animaux;rat;ratte;rata
raton laveur;animaux;raccoon;waschbar;mapache
ratufa;animaux;ratua;ratua;ratua
renard;animaux;fox;fuchs;zorro
requin;animaux;shark;hai;tiburon
requin baleine;animaux;whale shark;walhai;tiburon ballena
rhesus;animaux;rhesus;rhesus;rhesus
rhinoceros;animaux;rhinoceros;nashorn;rinoceronte
roussette;animaux;roussette;roussette;roussette
salamandre;animaux;salamander;salamander;salamandra
sanglier;animaux;boar;eber;jabali
serpent;animaux;snake;schlange;serpiente
serval;animaux;serval;serval;gato cerval
singe;animaux;monkey;affe;mono
souris;animaux;mouse;maus;raton
sphynx;animaux;sphynx;sphynx;sphynx
springbok;animaux;springbok;springbock;gacela
suricate;animaux;meshy;meshy;de malla
tamandua;animaux;tamandua;tamandua;tamandua
tamanoir;animaux;tamanoir;tamanoir;tamanoir
tamarin;animaux;tamarind;tamarinde;tamarindo
tamia;animaux;tamia;tamia;tamia
tapir;animaux;tapir;tapir;tapir
tarsier;animaux;tarsier;tarsier;tarsero
tatou;animaux;armadillo;gurteltier;armadillo
taupe;animaux;mole;maulwurf;topo
taureau;animaux;bull;stier;toro
tigre;animaux;tiger;tiger;tigre
tortue;animaux;tortoise;schildkrote;tortuga
toucan;animaux;toucan;tukan;tucan
trigonocephale;animaux;trigonocephale;trigonocephale;trigonocefale
unau;animaux;unau;unau;unau
urubu;animaux;urubu;urubu;urubu
vache;animaux;cow;kuh;vaca
varan;animaux;veran;veran;veran
vautour;animaux;vulture;geier;buitre
veau;animaux;calf;kalb;becerro
vipere;animaux;viper;viper;vibora
vison;animaux;mink;nerz;vison
wallaby;animaux;wallaby;wallaby;wallaby
wapiti;animaux;elk;elch;alce
watussi;animaux;watussi;watusssi;watussi
wombat;animaux;wombat;wombat;wombat
xerus;animaux;xerus;xerus;xerus
yack;animaux;yack;yack;quemar
zebre;animaux;zebra;zebra;cebra
zebrule;animaux;zebrule;zebrote;cebrule
zebu;animaux;zebu;zebu;cebu
zibeline;animaux;sable;zobel;sable
zorille;animaux;zoril;zoril;zoril
abricot;fruits;apricot;aprikose;albaricoque
acai;fruits;acai;acai;acai
airelle;fruits;area;bereich;area
alkekenge;fruits;alkekenge;alkekenge;acero
amande;fruits;almond;mandel;almendra
ananas;fruits;pineapple;ananas;pina
aronia;fruits;aronia;aronia;aronia
avocat;fruits;lawyer;anwalt;abogado
banane;fruits;banana;banane;platano
bergamote;fruits;bergamot;bergamotte;bergamota
bigaradier;fruits;bigaradier;bigaradier;bigaradier
brugnon;fruits;nectarine;nektarine;nectarina
cacahuete;fruits;peanut;erdnuss;mani
caimite;fruits;caimite;kaimit;caimita
calamondin;fruits;calamondin;calamondin;calamondina
canneberge;fruits;cranberry;cranberry;arandano
carambole;fruits;carambol;caramambol;carambol
cassis;fruits;cassis;cassis;cassis
cedrat;fruits;cedrat;cedrat;cedrat
cerise;fruits;cherry;kirsche;cereza
chataigne;fruits;chestnut;kastanie;castana
cherimole;fruits;cherimole;cherimole;cherimole
citron;fruits;lemon;zitrone;limon
citron vert;fruits;lime;limette;limon verde
clementine;fruits;clementine;clementine;clementina
coing;fruits;quince;quitte;membrillo
combava;fruits;combava;combava;combava
cranberry;fruits;cranberry;cranberry;arandano
datte;fruits;date;datum;fecha
durian;fruits;durian;durian;duriano
figue;fruits;fig;feige;higo
fraise;fruits;strawberry;erdbeere;fresa
fraise des bois;fruits;wood strawberry;holz erdbeere;fresa de madera
framboise;fruits;raspberry;himbeere;frambuesa
fruit de la passion;fruits;passion fruit;passionsfrucht;fruta de la pasion
fruit du dragon;fruits;dragon fruit;drachenfrucht;dragon de fruta
goyave;fruits;guava;guave;guayaba
grenade;fruits;grenade;granate;granada
grenadelle;fruits;grenadelle;grenadelle;granadelle
grenadille;fruits;grenadille;grenadille;granadilla
griotte;fruits;cherry;kirsche;cereza
groseille;fruits;currant;johannisbeere;grosella
groseille a maquereau;fruits;gooseberry;stachelbeere;grosella
icaque;fruits;icaque;icaque;icacado
jaboticaba;fruits;jaboticaba;jaboticaba;jaboticaba
jacque;fruits;jacque;jacque;jacque
jamalac;fruits;jamalac;jamalac;jamalac
jujube;fruits;jujube;jujube;pastilla
kabosu;fruits;kabosu;kabosu;kabosu
kaki;fruits;khaki;khaki;caqui
kiwi;fruits;kiwi;kiwi;kiwi
kumquat;fruits;kumquat;kumquat;naranja china
lime;fruits;lime;limette;lima
limette;fruits;limette;limette;limeta
litchi;fruits;litchi;litchi;lychee
longane;fruits;long;lang;largo
lucuma;fruits;lucuma;lucuma;lucuma
mandarine;fruits;mandarin;mandarin;mandarin
mangoustan;fruits;mangoustan;mangoustan;mangoustan
mangue;fruits;mango;mango;mango
marron;fruits;brown;braun;castano
melon;fruits;melon;melone;melon
merise;fruits;merise;merise;merecer
mineola;fruits;mineola;mineola;minaola
mirabelle;fruits;mirabelle;mirabelle;mirabelle
mure;fruits;ripe;reif;maduro
muroise;fruits;wall;mauer;pared
myrtille;fruits;blueberry;blaubeere;arandano
nashi;fruits;nashi;nashi;nashi
nectarine;fruits;nectarine;nektarine;nectarina
nefle;fruits;medlar;medlar;nispero
noisette;fruits;hazelnut;haselnuss;avellana
noix;fruits;nut;mutter;nuez
noix de cajou;fruits;cashew nut;cashewnuss;maranon
noix de coco;fruits;coconut;kokosnuss;coco
noix de macadamia;fruits;macadamia nuts;macadamianusse;nueces de macadamia
noix de pecan;fruits;pecan nuts;pekannusse;nuez de pecan
olive;fruits;olive;olive;aceituna
orange;fruits;orange;orange;naranja
orange sanguine;fruits;blood orange;blutorange;naranja sanguina
pamplemousse;fruits;grapefruit;grapefruit;toronja
papaye;fruits;papaya;papaya;papaya
pasteque;fruits;watermelon;wassermelone;sandia
peche;fruits;sin;sunde;melocoton
pepino;fruits;pepino;pepino;pepino
physalis;fruits;physalis;physalis;fisalis
pignon de pin;fruits;pine pinion;kiefernritzel;pinon de pino
pistache;fruits;pistachio;pistazie;pistacho
pitaya;fruits;pitaya;pitaya;pitaya
poire;fruits;pear;birne;pera
pomelo;fruits;pomelo;pomelo;pomelo
pomme;fruits;apple;apfel;manzana
prune;fruits;plum;pflaume;ciruela
pruneau;fruits;prune;pflaume;ciruela pasa
quetsche;fruits;quetsche;quetsche;quetsche
raisin;fruits;grape;traube;uva
ramboutan;fruits;ramboutan;ramboutan;ramboutan
safou;fruits;safou;safou;safou
salacca;fruits;salacca;salacca;salacca
sapotille;fruits;sapotille;sapotille;sapotille
sudachi;fruits;sudachi;sudachi;sudachi
sureau noir;fruits;black elderberry;schwarze elderberry;sauco negro
tamarin;fruits;tamarind;tamarinde;tamarindo
tangelo;fruits;tangelo;tangelo;tangelo
tangerine;fruits;tangerine;mandarine;mandarina
tangor;fruits;tangor;tangor;tangor
taxo;fruits;taxo;taxo;taxista
tomate;fruits;tomato;tomate;tomate
ugli;fruits;ugli;ugli;ugli
vanille;fruits;vanilla;vanille;vainilla
vavangue;fruits;vangangue;vangangue;vangangue
yuzu;fruits;yuzu;yuzu;yuzu
zatte;fruits;zatte;zatte;zatte
ail;legumes;garlic;knoblauch;ajo
artichaut;legumes;artichoke;artischocke;alcachofa
asperge;legumes;asparagus;spargel;esparragos
aubergine;legumes;eggplant;aubergine;berenjena
avocat;legumes;lawyer;anwalt;abogado
bette;legumes;beet;rube;remolacha
betterave;legumes;beet;rube;remolacha
blette;legumes;charm;charme;encanto
brocoli;legumes;broccoli;brokkoli;brocoli
carotte;legumes;carrot;karotte;zanahoria
catalonia;legumes;catalonia;katalonien;cataluna
celeri;legumes;celery;sellerie;apio
champignon;legumes;mushroom;pilz;hongo
chou fleur;legumes;chou flower;chou -blume;coliflor
choux;legumes;cabbage;kohl;repollo
citrouille;legumes;pumpkin;kurbis;calabaza
concombre;legumes;cucumber;gurke;pepino
courge;legumes;squash;quetschen;calabaza
courgette;legumes;zucchini;zucchini;calabacin
cresson;legumes;cress;kresse;berro
crosne;legumes;crosne;crosne;crosne
dachine;legumes;dachine;dachine;barandilla
daikon;legumes;daikon;daikon;daikon
echalote;legumes;shallot;schalotte;chalote
endive;legumes;endive;endivie;endibia
epinard;legumes;spinach;spinat;espinaca
fenouil;legumes;fennel;fenchel;hinojo
feve;legumes;bean;bohne;frijol
flageolet;legumes;flageolet;flageolet;octavin
giromon;legumes;giromon;giromon;giromon
haricot;legumes;bean;bohne;frijol
igname;legumes;yam;susskartoffel;batata
kancon;legumes;kancon;kancon;kancon
konbu;legumes;konbu;konbu;konbu
laitue;legumes;lettuce;kopfsalat;lechuga
lentille;legumes;lens;linse;lente
mache;legumes;chewed up;zerkaut;masticado
mais;legumes;but;aber;pero
manioc;legumes;cassava;maniok;mandioca
navet;legumes;turnip;rube;nabo
oignon;legumes;onion;zwiebel;cebolla
olive;legumes;olive;olive;aceituna
oseille;legumes;sorrel;sauerampfer;alazan
panais;legumes;parsnip;pastinake;chirivia
patate;legumes;potato;kartoffel;papa
patisson;legumes;patisson;patisson;patalson
petits pois;legumes;peas;erbsen;guisantes
poireau;legumes;leek;lauch;puerro
poivron;legumes;pepper;pfeffer;pimienta
pomme de terre;legumes;potato;kartoffel;papa
potimarron;legumes;pumpkin;kurbis;calabaza
potiron;legumes;pumpkin;kurbis;calabaza
radis;legumes;radish;rettich;rabano
rhubarbe;legumes;rhubarb;rhabarber;ruibarbo
roquette;legumes;rocket;rakete;cohete
rutabaga;legumes;rutabaga;steckrube;nabo sueco
salade;legumes;salad;salat;ensalada
salsifi;legumes;salsifi;salsifi;salsifi
salsifis;legumes;salsify;salsify;salsifi
tetragone;legumes;tetragone;tetragon;tetragone
tomate;legumes;tomato;tomate;tomate
topinambour;legumes;jerusalem artichoke;jerusalem artischocke;topinambur
udo;legumes;udo;du tust;tu haces
vitelotte;legumes;treble;verdreifachen;triplicar
wakame;legumes;wakame;wakame;wakame
wasabi;legumes;wasabi;wasabi;wasabi
yin tsoi;legumes;yin tsoi;yin tsoi;yin tsoi
acheteur;metier;buyer;kaufer;comprador
acrobate;metier;acrobat;akrobat;acrobata
acteur;metier;actor;schauspieler;actor
actuaire;metier;actuary;aktuar;actuario
affreteur;metier;charter;charta;carta
agent commercial;metier;commercial agent;handelsvertreter;agente comercial
agent d entretien;metier;service agent;serviceagent;agente de servicio
agent immobilier;metier;real estate agent;immobilienmakler;agente inmobiliario
agent secret;metier;secret agent;geheimagent;agente secreto
agriculteur;metier;farmer;bauer;agricultor
aide soignant;metier;nursing assistant;pflegehelferin;auxiliar de enfermeria
alchimiste;metier;alchemist;alchimist;alquimista
alpiniste;metier;mountaineer;bergsteiger;alpinista
ambulancier;metier;ambulance;ambulanz;ambulancia
analyste;metier;analyst;analytiker;analista
anesthesiste;metier;anesthetist;anasthesist;anestesista
animateur;metier;animator;animator;animador
antiquaire;metier;antique;antiquitat;antiguo
apiculteur;metier;beekeeper;imker;apicultor
arbitre;metier;arbitrator;schiedsrichter;arbitro
archeologue;metier;archeologist;archaologe;arqueologo
architecte;metier;architect;architekt;arquitecto
archiviste;metier;archivist;archivar;archivista
artificier;metier;wader;wader;ave zancuda
artiste peintre;metier;painter;maler;artista pintor
ascensoriste;metier;ascensorist;ascensorist;ascensorista
assistante maternelle;metier;maternal assistant;mutterassistent;asistente materna
assistante sociale;metier;social worker;sozialarbeiter;asistente social
astronaute;metier;astronaut;astronaut;astronauta
astronome;metier;astronomer;astronom;astronomo
athlete;metier;athlete;athlet;atleta
auteur;metier;author;autor;autor
auxiliaire de vie;metier;lifestyle;lebensstil;estilo de vida
aviateur;metier;aviator;flieger;aviador
avocat;metier;lawyer;anwalt;abogado
banquier;metier;banker;banker;banquero
barman;metier;bartender;barmann;barman
berger;metier;shepherd;schafer;pastor
bibliothecaire;metier;librarian;bibliothekar;bibliotecario
bijoutier;metier;jeweler;juwelier;joyero
billettiste;metier;ticketist;ticketist;billete
biologiste;metier;biologist;biologe;biologo
boucher;metier;butcher;metzger;carnicero
boulanger;metier;baker;backer;panadero
bronzier;metier;bronzier;bronzier;mas bronceador
bucheron;metier;pucker;faltchen;fruncido
cadreur;metier;cameraman;kameramann;camarografo
caissier;metier;cashier;kassierer;cajero
cancerologue;metier;cancerologist;krebswissenschaftler;cancerologo
capitaine;metier;captain;kapitan;capitan
cardiologue;metier;cardiologist;kardiologe;cardiologo
carreleur;metier;tile;fliese;teja
carrossier;metier;bodybuilder;bodybuilder;carrocero
cartographe;metier;cartographer;kartograph;cartografo
caviste;metier;wine merchant;weinhandler;mercante de vino
chanteur;metier;singer;sanger;cantante
charcutier traiteur;metier;charculter catering;charculter catering;catero
charpentier;metier;carpenter;tischler;carpintero
chaudronnier;metier;boilermaker;kesselschmied;calderero
chauffagiste;metier;heating engineer;heizingenieur;ingeniero de calefaccion
chauffeur;metier;driver;treiber;conductor
chef d orchestre;metier;conductor;dirigent;director de orquesta
chef de chantier;metier;site manager;seitenverwalter;capataz
chercheur;metier;searcher;sucher;buscador
chimiste;metier;chemist;chemiker;quimico
chirurgien;metier;surgeon;der chirurg;cirujano
chocolatier;metier;chocolate maker;schokoladenmacher;fabricante de chocolate
choregraphe;metier;choregraph;choregraph;coreegrafo
coiffeur;metier;hairdresser;friseur;peluquero
comedien;metier;actor;schauspieler;actor
commercant;metier;trading;handel;comercio
commis de cuisine;metier;cooking clerk;kochschreiber;ayudante de cocina
commissaire priseur;metier;package commissioner;paketkommissar;comisionado de paquetes
comptable;metier;accounting;buchhaltung;contabilidad
concepteur de jeux;metier;game designer;spieledesigner;disenador de juegos
concierge;metier;concierge;portier;conserje
conducteur;metier;driver;treiber;conductor
conseiller d orientation;metier;guidance counselor;vertrauenslehrer;orientador
conservateur du patrimoine;metier;heritage curator;heritage kuratorin;curador de patrimonio
controleur aerien;metier;air controller;luftcontroller;controlador aereo
controleur du travail;metier;labor controller;arbeitskontroller;controlador de mano de obra
convoyeur de fonds;metier;funding conveyor;finanzierungsforderer;transportador de financiacion
correcteur;metier;corrector;korrektor;corrector
cosmonaute;metier;cosmonaut;kosmonaut;cosmonauta
costumier;metier;costume tree;kostumbaum;arbol de vestuario
coursier;metier;courier;kurier;mensajero
courtier;metier;broker;makler;corredor
couturier;metier;designer;designer;disenador
couvreur;metier;roofer;dachdecker;techador
createur de mode;metier;fashion creator;modeschopfer;creador de la moda
cueilleur;metier;picker;picker;recogedor
cuisinier;metier;to cook;kochen;cocinar
cyberdocumentaliste;metier;cyberdocumentalist;cyberdocumentalist;cyberdocumentalista
danseur;metier;dancer;tanzer;bailarin
decorateur;metier;decorator;dekorateur;decorador
demenageur;metier;mover;mover;agente de mudanzas
demographe;metier;demographer;demograph;demografia
dentiste;metier;dentist;zahnarzt;dentista
depanneur;metier;convenience store;gemischtwarenladen;tienda de conveniencia
designer;metier;designate;benennen;designado
dessinateur;metier;designer;designer;disenador
detective prive;metier;private detective;privatdetektiv;detective privado
developpeur;metier;developer;entwickler;desarrollador
dieteticien;metier;dietitian;ernahrungsberater;dietetico
directeur;metier;director;direktor;director
docker;metier;docker;docker;estibador
docteur;metier;doctor;arzt;medico
documentaliste;metier;documentalist;dokumentalist;documentalista
dompteur;metier;tamer;dompteur;domador
douanier;metier;customs officer;zollbeamter;oficial de aduanas
ebeniste;metier;cabinetmaker;schreiner;ebanista
eboueur;metier;eborieur;eborieur;eborieur
ecrivain;metier;writer;schriftsteller;escritor
educateur;metier;educator;erzieher;educador
electricien;metier;electrician;elektriker;electricista
employe;metier;employee;angestellter;empleado
encadreur;metier;supervisor;supervisor;supervisor
enseignant;metier;teacher;lehrer;profesor
entraineur;metier;coach;coach;entrenador
epicier;metier;grocer;lebensmittelhandler;tendero
ergotherapeute;metier;occupational therapist;ergotherapeutin;terapeuta ocupacional
estheticienne;metier;esthetician;kosmetiker;esteticista
ethnologue;metier;ethnologist;ethnologe;etnologo
expert automobile;metier;car expert;autoexperte;experto en coche
facteur;metier;factor;faktor;factor
femme de menage;metier;housemaid;hausmadchen;senora de la limpieza
fermier;metier;farmer;bauer;granjero
ferrailleur;metier;scrap dealer;schrotthandler;traficante de chatarra
ferronnier;metier;ironworker;eisenarbeiter;trabajador de hierro
fiscaliste;metier;fiscalist;fiscalist;fiscalista
fleuriste;metier;florist;florist;florista
forain;metier;fairground;messegelande;recinto ferial
fournisseur;metier;vendor;verkaufer;vendedor
funambule;metier;tightrope walker;seiltanzer;funambulista
gantier;metier;gantier;gantier;gantero
garagiste;metier;mechanic;mechaniker;mecanico
garde du corps;metier;bodyguard;leibwachter;guardaespaldas
gardien;metier;guardian;wachter;guardian
gendarme;metier;gendarme;gendarme;gendarme
geographe;metier;geographer;geograph;geografo
geologue;metier;geologist;geologe;geologo
geomaticien;metier;geomatician;geomatiker;geomatico
geophysicien;metier;geophysicist;geophysiker;geofisico
graphiste;metier;graphic designer;grafikdesigner;disenador grafico
greffier;metier;clerk;sachbearbeiter;empleado
grutier;metier;crane operator;kranfuhrer;operador de grua
guichetier;metier;window;fenster;ventana
guide;metier;guide;fuhren;guia
gynecologue;metier;gynecologist;gynakologe;ginecologo
habilleur;metier;dresser;kommode;vestidor
harpiste;metier;harpist;harfenist;arpista
herboriste;metier;herbalist;krauterkenner;herbalista
herpetologue;metier;herpetologist;herpetologe;herpetologo
historien;metier;historian;historiker;historiador
horloger;metier;watchmaker;uhrmacher;relojero
horticulteur;metier;horticulturalist;gartenbau;horticultorista
hotelier;metier;hotelier;hotelier;hotelero
hotesse de l air;metier;flight attendant;flugbegleiter;azafata
huissier;metier;bailiff;gerichtsvollzieher;alguacil
humoriste;metier;humorist;humorist;humorista
hydrogeologue;metier;hydrogeologist;hydrogeologe;hidrogenologo
iconographe;metier;iconograph;ikonograph;iconografo
imam;metier;imam;imam;iman
imprimeur;metier;printer;drucker;impresora
infirmier;metier;male nurse;mannliche krankenschwester;enfermero
informaticien;metier;computer scientist;informatiker;informatico
ingenieur;metier;engineer;techniker;ingeniero
inspecteur;metier;inspector;inspektor;inspector
instituteur;metier;teacher;lehrer;profesor
interprete;metier;interpreter;dolmetscher;interprete
jardinier;metier;gardener;gartner;jardinero
joaillier;metier;jeweler;juwelier;joyero
jockey;metier;jockey;jockey;jockey
jongleur;metier;juggler;jongleur;malabarista
journaliste;metier;journalist;journalist;periodista
juge;metier;judge;richter;juez
juriste;metier;lawyer;anwalt;abogado
kinesitherapeute;metier;kinesitherapist;kineitherapist;kines buthonapist
kiosquier;metier;newsmaker;nachrichtenmacher;periodista
laitier;metier;dairy;molkerei;lacteos
laveur de vitre;metier;window washer;fensterputzer;limpiador de ventanas
libraire;metier;bookseller;buchhandler;librero
lithographe;metier;lithographer;lithograph;litografo
livreur;metier;delivery man;lieferant;repartidor
luthier;metier;lute;laute;laud
macon;metier;builder;erbauer;constructor
magasinier;metier;storekeeper;lagerhalter;encargado de tienda
magistrat;metier;magistrate;richter;magistrado
magneticien;metier;magnetician;magnetiker;magnetico
maieuticien;metier;maieucist;maieucist;maieucista
maitre chien;metier;dog trainer;hundetrainer;entrenador de perros
maitre hotelier;metier;hotel master;hotelmeister;maestro de hotel
maitre nageur;metier;lifeguard;rettungsschwimmer;salvavidas
mannequin;metier;model ;modell ;modelo
manutentionnaire;metier;warehouseman;lagerarbeiter;almacen
maquettiste;metier;model maker;modellbauer;creador de modelos
marechal ferrant;metier;blacksmith;schmied;herrero
marin;metier;marine;marine;marina
marionnettiste;metier;puppeteer;puppenspieler;titiritero
maroquinier;metier;leather worker;lederarbeiter;peletero
masseur;metier;masseur;masseur;masajista
mathematicien;metier;mathematician;mathematiker;matematico
mecanicien;metier;mechanic;mechaniker;mecanico
medecin;metier;doctor;arzt;medico
menuisier;metier;carpenter;tischler;carpintero
meteorologue;metier;meteorologist;meteorologe;meteorologo
meunier;metier;miller;muller;molinero
militaire;metier;military;militar-;militar
modelisateur;metier;modelizer;modellizer;modelizador
moniteur auto ecole;metier;auto ecole monitor;auto ecole monitor;auto ecole monitor
moniteur de ski;metier;ski instructor;skilehrer;instructor de ski
monteur;metier;editor;editor;editor
musicien;metier;musician;musiker;musico
nageur;metier;swimmer;schwimmer;nadador
narrateur;metier;narrator;erzahler;narrador
neurologue;metier;neurologist;neurologe;neurologo
notaire;metier;notary;notar;notario
nourrice;metier;nurse;krankenschwester;enfermera
nutritionniste;metier;nutritionist;ernahrungsberater;nutricionista
oceanographe;metier;oceanographer;ozeanograph;oceanografo
oceanologue;metier;oceanologist;ozeanologe;oceanologo
operateur;metier;operator;operator;operador
ophtalmologue;metier;ophthalmologist;augenarzt;oftalmologo
opticien;metier;optician;optiker;optico
orfevre;metier;goldsmith;goldschmied;orfebre
orthophoniste;metier;speech therapist;sprachtherapeut;logopeda
orthoptiste;metier;orthoptist;orthoptist;ortoptista
ouvrier;metier;worker;arbeiter;trabajador
patissier;metier;pastry chef;konditor;pastelero
paysagiste;metier;landscaper;landschaftsgestalter;paisajista
pediatre;metier;pediatrician;kinderarzt;pediatra
podologue;metier;podiatrist;podologe;podologo
peintre;metier;painter;maler;pintor
pharmacien;metier;pharmacist;apotheker;farmaceutico
photographe;metier;photographer;fotograf;fotografo
pilote;metier;pilot;pilot;piloto
plagiste;metier;plagist;plagist;plagista
plaquiste;metier;plating;uberzug;enchapado
platrier;metier;plasterer;stuckateur;yesero
plombier;metier;plumber;klempner;plomero
plongeur;metier;diver;taucher;buzo
poissonnier;metier;fishmonger;fischhandler;pescadero
policier;metier;policeman;polizist;policia
politicien;metier;politician;politiker;politico
pompier;metier;firefighter;feuerwehrmann;bombero
pompiste;metier;gas station attendant;tankstellenmitarbeiter;empleado de la gasolinera
portier;metier;porter;porter;portero
pretre;metier;priest;priester;sacerdote
primeur;metier;primeur;primeur;primario
procureur;metier;prosecutor;staatsanwalt;fiscal
professeur;metier;teacher;lehrer;profesor
projectionniste;metier;projectionist;vorfuhrer;operador de cine
prothesiste;metier;prosthetic;prothese;protesico
psychologue;metier;psychologist;psychologe;psicologo
puericultrice;metier;puericultrier;puericultrier;puericultrier
quincaillier;metier;hardware;hardware-;hardware
radiologue;metier;radiologist;radiologe;radiologo
ramoneur;metier;chimney sweep;schornsteinfeger;deshollinador
rappeur;metier;rapper;rapper;rapero
realisateur;metier;director;direktor;director
receptionniste;metier;receptionist;rezeptionist;recepcionista
redacteur;metier;editor;editor;editor
reeducateur;metier;re -educator;re -educator;re -educador
regisseur;metier;regulator;regler;regulador
relieur doreur;metier;gilder;gilder;dorador
restaurateur;metier;restaurateur;gastronom;restaurador
roboticien;metier;robotician;robotiker;robotico
routier;metier;truck;lkw;camion
sage femme;metier;midwife;hebamme;partera
sauveteur;metier;rescuer;retter;salvador
sapeur pompier;metier;firefighter;feuerwehrmann;bombero
scenariste;metier;scriptwriter;drehbuchautor;guionista
secretaire;metier;secretary;sekretar;secretaria
securite civile;metier;civil security;zivilsicherheit;seguridad civil
serveur;metier;waiter;kellner;mozo
sismologue;metier;seismologist;seismologe;sismologo
skippeur;metier;skipper;kapitan;patron
sociologue;metier;sociologist;soziologe;sociologo
soigneur animalier;metier;animal keeper;tierpfleger;cuidador de animales
sommelier;metier;sommelier;sommelier;sumiller
sorcier;metier;wizard;magier;mago
soudeur;metier;welder;schweisser;soldador
standardiste;metier;standardist;standardist;estandarista
stenotypiste;metier;stenotypist;stenotypistisch;estenotipista
styliste;metier;stylist;stylist;estilista
tatoueur;metier;tattoo artist;tattoo-kunstler;tatuador
taxidermiste;metier;taxidermist;praparator;taxidermista
technicien;metier;technician;techniker;tecnico
teinturier;metier;dry cleaner;trockenreiniger;tintorero
televendeur;metier;telemarketer;telemarketer;vendedor telefonico
toiletteur;metier;groomer;groomer;peluquero
tolier;metier;tolier;tolier;tolier
tonnelier;metier;cooper;cooper;cobre
tourneur fraiseur;metier;lathe milling;drehfrasen;molienda
trader;metier;trader;handler;comerciante
traducteur;metier;translator;ubersetzer;traductor
transporteur;metier;carrier;trager;transportador
trapeziste;metier;trapezist;trapezist;trapezista
urgentiste;metier;emergency worker;notarbeiter;trabajador de emergencia
urologue;metier;urologist;urologe;urologo
vendeur;metier;seller;verkaufer;vendedor
verrier;metier;glassmaker;glasmacher;creador de vidrio
veterinaire;metier;veterinary;tierarzt;veterinario
viticulteur;metier;winegrower;winzer;vinador
vitrailliste;metier;stained glass;buntglas;vitral
vitrier;metier;glazier;glaser;vidriero
voiturier;metier;valet;kammerdiener;ayudante de camara
volcanologue;metier;volcanologist;vulkanologe;volcanologo
wagonnier;metier;wagon;wagen;vagon
wakeboarder;metier;wakeboarder;wakeboarder;wakeboarder
xylophoniste;metier;xylophonist;xylophonist;xilofonista
youtuber;metier;youtuber;youtuber;youtuber
zoologue;metier;zoologist;zoologe;zoologo
aerographe;outils;air-brush;airbrush;aerografo
affiloir;outils;dot;punkt;punto
agrafeuse;outils;stapler;hefter;engrapadora
aiguille;outils;needle;nadel;aguja
alene;outils;awl;ahle;punzon
alesoir;outils;din;larm;estruendo
amperemetre;outils;ammeter;amperemeter;amperimetro
arrosoir;outils;sprinkler;sprinkler;aspersor
auge;outils;trough;trog;canal
balai;outils;broom;besen;escoba
bambane;outils;bamban;bamban;bamban
banc a etirer;outils;bench;bank;mesa de trabajo
baratte;outils;churn;abwanderung;batir
barre a mine;outils;crowbar;brecheisen;palanca
batee;outils;pan;pfanne;sarten
batte;outils;bat;schlager;murcielago
beche;outils;spade;spaten;pala
bedane;outils;belly;bauch;vientre
betonniere;outils;cement mixer;zementmischmaschine;mezcladora de cemento
bigorne;outils;bigorne;bigorne;bigorne
binette;outils;hoe;hacke;azada
brosse;outils;brush;burste;cepillo
brouette;outils;wheelbarrow;schubkarre;carretilla
burin;outils;chisel;meissel;cincel
bussetto;outils;bussetto;bussetto;bussetto
chalumeau;outils;blowtorch;lotlampe;soplete
chignole;outils;chignole;chignole;chignolas
cisaille;outils;shear;scheren;cortar
ciseaux;outils;scissors;schere;tijeras
cle;outils;key;schlussel;llave
cliquet;outils;pawl;klinke;trinquete
cognee;outils;cognee;coggee;cogiga
coin;outils;corner;ecke;esquina
compas;outils;compass;kompass;brujula
cordeau;outils;cord;kabel;cable
coupe bordure;outils;trimmer;trimmer;recortadora
coupe plaque;outils;plate cut;plattenschnitt;cortado
couteau;outils;knife;messer;cuchillo
craie;outils;chalk;kreide;tiza
crayon;outils;pencil;bleistift;lapiz
cric;outils;jack;jack;jack
cutter;outils;cutter;cutter;cortador
diable;outils;devil;teufel;demonio
disqueuse;outils;grinder;schleifer;amoladora
doloire;outils;doloire;doloire;doloire
doucine;outils;cave;hohle;cueva
drille;outils;drill;bohren;taladro
echenilloir;outils;spanner;schlussel;llave
ecouvillon;outils;swab;tupfer;torunda
egoine;outils;egoine;egoine;ego
elagueuse;outils;elegant;elegant;elegante
elastique;outils;elastic;elastisch;elastico
emousseur;outils;bouffer;bouffer;bouffer
enclume;outils;anvil;amboss;yunque
encolleuse;outils;jacket;jacke;chaqueta
equerre;outils;square;quadrat;cuadrado
escargot;outils;snail;schnecke;caracol
etau;outils;vice;vize;vicio
faucille;outils;sickle;sichel;hoz
faux;outils;fake;gefalscht;falso
fendeur de buches;outils;logging;protokollierung;inicio sesion
fer a souder;outils;soldering iron;lotkolben;soldador
fiche;outils;form;bilden;forma
filiere;outils;faculty;fakultat;facultad
foret;outils;forest;wald;bosque
fourche;outils;fork;gabel;tenedor
fraise;outils;strawberry;erdbeere;fresa
fusil;outils;musket;muskete;mosquete
gaufroir;outils;gaufroir;gaufroir;indirecta
gomme;outils;rubber;gummi;borrador
gouge;outils;gouged;ausgestossen;desgarrado
gradine;outils;gradine;gradin;se gradua
grattoir;outils;scraper;schaber;raspador
greffoir;outils;graft;transplantat;injerto
grelinette;outils;gleaver;gleitfeuer;gluteo
griffe;outils;claw;klaue;garra
guillaume;outils;guillaume;guillaume;guillermo
guimbarde;outils;guimbarde;guarbarde;guimbarde
hache;outils;chopped;gehackt;cortado
hachette;outils;hatchet;beil;hacha
herminette;outils;adze;adze;azuela
herse;outils;harrow;egge;grada
houe;outils;hoe;hacke;azada
inclinometre;outils;inclinometer;neigungsmesser;clinometro
lamelleuse;outils;lameller;lameller;lameller
lampe;outils;lamp;lampe;lampara
langue de chat;outils;cat's tongue;katzenzunge;lengua de gato
laser;outils;laser;laser-;laser
lime;outils;lime;limette;lima
marqueur;outils;marker pen;textmarker;rotulador
marteau;outils;hammer;hammer;martillo
martelette;outils;hammer;hammer;martillo
masse;outils;mass;masse;masa
merlin;outils;merlin;merlin;esmerejon
metre;outils;metre;meter;metro
meule;outils;pump;pumpe;bomba
motobineuse;outils;bounder;lump;sinverguenza
motoculteur;outils;tiller;pinne;cana del timon
multimetre;outils;multimeter;multimeter;multimetro
niveau;outils;level;eben;nivel
ohmmetre;outils;ohmmetre;ohmmetre;ohmita
pelle;outils;shovel;schaufel;pala
perceuse;outils;drill;bohren;taladro
pied a coulisse;outils;vernier caliper;vernier -bremssattel;calibre vernier
pied de biche;outils;crowbar;brecheisen;palanca
pince;outils;pliers;zange;alicates
pinceau;outils;brush;burste;cepillo
pioche;outils;pickaxe;spitzhacke;pico
pistolet;outils;gun;pistole;pistola
plane;outils;plane;flugzeug;plano
plantoir;outils;plant;pflanze;planta
platoir;outils;plather;scharfe;platillo
pochoir;outils;stencil;schablone;plantilla
poincon;outils;punch;schlagen;punetazo
pointerolle;outils;pointerolle;zeiger;puntero
polka;outils;polka;polka;polca
pompe;outils;pump;pumpe;bomba
presse;outils;hurry;sich beeilen;apuro
rabot;outils;plane;flugzeug;plano
raclette;outils;raclette;raclette;racleta
racloir;outils;scraper;schaber;raspador
ramponneau;outils;ramp;rampe;rampa
rape;outils;grated;gerieben;rallado
rapporteur;outils;rapporteur;berichterstatter;matorral
rasoir;outils;shaver;rasierapparat;maquinilla de afeitar
rateau;outils;rake;rechen;rastrillo
regle;outils;rule;regel;regla
rifloir;outils;rifor;riforen;rifor
rouet;outils;wheel;rad;rueda
sarcloir;outils;sarcubor;sarkubor;sarcubor
scalpel;outils;scalpel;skalpell;bisturi
scarificateur;outils;scarifier;beschlafer;escarificador
scie;outils;saw;gesehen;sierra
secateur;outils;shears;schere;tijeras
semoir;outils;sowing;aussaat;siembra
serfouette;outils;serfouette;serfouette;servidumbre
seringue;outils;syringe;spritze;jeringuilla
serpe;outils;rick;rick;almiar
serpette;outils;piping;rohrleitungen;tuberia
serre joints;outils;serre joints;serre gelenke;articulaciones de serre
soufflet;outils;bellows;balg;fuelle
spatule;outils;spatula;spatel;espatula
stabilo;outils;stabilo;stabilo;estabilo
stylo;outils;pen;stift;lapiz
taillant;outils;cutter;cutter;cortador
taille haie;outils;hedge size;heckegrosse;tamano de seto
taloche;outils;float;schweben;flotar
tamis;outils;sieve;sieb;tamiz
tampon;outils;buffer;puffer;buffer
tamponnoir;outils;pad;pad;almohadilla
taraud;outils;tap;klopfen;tocar
tariere;outils;slicer;slicer;cortadora
tenaille;outils;pincer;zange;pinza
tetu;outils;stubborn;hartnackig;terco
tourne a gauche;outils;turn left;biegen sie links ab;gira a la izquierda
tournevis;outils;screwdriver;schraubendreher;destornillador
tranchet;outils;tranchet;tranchet;trachico
transplantoir;outils;transplant;transplantation;trasplante
tronconneuse;outils;chain saw;kettensage;sierra de cadena
truelle;outils;trowel;kelle;paleta
trusquin;outils;trusquin;trusquin;trusquin
tyrolienne;outils;zipline;zipline;tirolesa
varlope;outils;varope;variante;varilla
vilebrequin;outils;crankshaft;kurbelwelle;ciguenal
visseuse;outils;screwdriver;schraubendreher;destornillador
voltmetre;outils;voltmeter;voltmeter;voltimetro
vrille;outils;spin;drehen;girar
wastringue;outils;spokeshave;schabhobel;raedera
accrobranche;sport;tree -slip;baum -slip;slip de arbol
aerobic;sport;aerobic;aerob;aerobio
aeromodelisme;sport;aeromodelism;aeromodelismus;aeromodelismo
aerostation;sport;aerostation;aerostation;aerostacion
agility;sport;agility;beweglichkeit;agilidad
aikido;sport;aikido;aikido;aikido
airsoft;sport;airsoft;airsoft;airsoft
alpinisme;sport;mountaineering;bergsteigen;montanismo
apnee;sport;apnea;apnoe;apnea
athletisme;sport;athletics;leichtathletik;atletismo
aviation;sport;aviation;luftfahrt;aviacion
aviron;sport;rowing;rudern;remo
babyfoot;sport;baby foot;babyfuss;pie de bebe
badminton;sport;badminton;badminton;badminton
baseball;sport;baseball;baseball;beisbol
basketball;sport;basketball;basketball;baloncesto
biathlon;sport;biathlon;biathlon;biatlon
billard;sport;billiards;billard;billar
bmx;sport;bmx;bmx;bmx
bobsleigh;sport;bobsleigh;bob;bobsleigh
boccia;sport;boccia;boccia;boccia
bodyboard;sport;bodyboard;bodyboard;carroceria
boomerang;sport;boomerang;boomerang;bumerang
bowling;sport;bowling;bowling;bolos
boxe;sport;boxing;boxen;boxeo
bridge;sport;bridge;brucke;puente
canoe;sport;canoe;kanu;canoa
canoe kayak;sport;canoe kayak;kanukajak;canoa kayak
canyonisme;sport;canyonism;canyonismus;canyonismo
capoeira;sport;capoeira;capoeira;capoeira
carrom;sport;carrom;carrom;acarreo
catch;sport;wrestling;ringen;lucha
chanbara;sport;chanbara;chanbara;chanbara
cheerleading;sport;cheerleading;cheerleading;animadoras
cirque;sport;circus;zirkus;circo
claquettes;sport;sandals;sandalen;sandalias
combat;sport;fight;kampf;lucha
course;sport;race;rennen;la raza
cricket;sport;cricket;kricket;grillo
croquet;sport;croquet;krocket;juego de croquet
crosse;sport;stock;lager;valores
crossfit;sport;crossfit;crossfit;crossfit
curling;sport;curling;locken;curling
cyclisme;sport;cycling;radfahren;ciclismo
danse;sport;dance;tanzen;baile
danse orientale;sport;oriental dance;orientalischer tanz;danza oriental
deltaplane;sport;deltaplane;deltaplane;deltaplano
echecs;sport;chess;schach;fracasos
equitation;sport;horse riding;pferde-reiten;equitacion
escalade;sport;escalation ;eskalation;escalada
escrime;sport;fencing;fechten;esgrima
fitness;sport;fitness;fitness;aptitud fisica
flag;sport;flag;flagge;bandera
flechettes;sport;flop;flop;fracaso
floorball;sport;floorball;floorball;bola de piso
football;sport;soccer;fussball;futbol
footing;sport;jogging;joggen;trotar
funboard;sport;funboard;funboard;tablero de diversion
futsal;sport;futsal;futsal;futbol sala
giraviation;sport;giraviation;giraviation;giraviacion
golf;sport;golf;golf;golf
gouren;sport;gouren;guren;gouren
grappling;sport;grappling;grappling;aferramiento
gymnastique;sport;gymnastic;gymnastik-;gimnastico
halterophilie;sport;halterophilia;halterophilie;halerofilia
handball;sport;handball;handball;balonmano
handisport;sport;disabled;deaktiviert;desactivado
hapkido;sport;hapkido;hapkido;hapkido
hockey;sport;hockey;eishockey;hockey
iaido;sport;iaido;iaido;iaido
jetski;sport;jet ski;jet ski;moto acuatica
jodo;sport;jodo;jodo;jodo
jorkyball;sport;jorkyball;jorkyball;jorkyball
joutes;sport;joust;turnieren;justar
ju jitsu;sport;ju jitsu;ju jitsu;ju jitsu
judo;sport;judo;judo;judo
karate;sport;karate;karate;karate
karting;sport;karting;kart fahren;karting
kempo;sport;kempo;kempo;kempo
kendo;sport;kendo;kendo;kendo
kenjutsu;sport;kenjutsu;kenjutsu;kenjutsu
kitesurf;sport;kitesurfing;kitesurfen;surf de vela
kobudo;sport;kobodo;kobodo;kobodo
krav maga;sport;krav maga;krav maga;krav maga
kyudo;sport;kyudo;kyudo;kyudo
lancer du javelot;sport;javelin;speer;jabalina
lancer du marteau;sport;hammer;hammer;martillo
lancer du poids;sport;shot put;schuss;lanzamiento de peso
luge;sport;sled;schlitten;trineo
lutte;sport;struggle;kampf;dificil
marche;sport;walking;gehen;caminando
monocycle;sport;monocycle;monocycle;monociclo
moto;sport;motorbike;motorrad;moto
motoneige;sport;snowmobile;schneemobil;motonieve
mountainboard;sport;mountainboard;bergbrett;tabla de montana
musculation;sport;bodybuilding;bodybuilding;culturismo
naginata;sport;naginata;naginata;naginata
natation;sport;swimming;baden;natacion
natation synchronisee;sport;synchronized swimming;synchron schwimmen;natacion sincronizada
ninjitsu;sport;ninjitsu;ninjitsu;ninjitsu
nunchaku;sport;nunchaku;nunchaku;nunchaku
omnikin;sport;omnikin;omnikin;omnikin
padel;sport;padel;padel;pajaro
paintball;sport;paintball;paintball;bola de pintura
pancrace;sport;pancrace;bauchspeicheldruse;pancica
parachutisme;sport;skydiving;fallschirmspringen;paracaidismo
paramoteur;sport;paramotor;paramotor;paramotor
parapente;sport;paraglider;gleitschirm;parapente
patinage;sport;skating;skaten;patinaje
peche;sport;sin;sunde;melocoton
pentathlon;sport;pentathlon;funfkampf;pentatlon
petanque;sport;petanque;petanque;pecaro
peteca;sport;peteca;peteca;peteca
planche a voile;sport;sailboard;segelbrett;windsurf
plongee;sport;dive;tauchen;bucear
plongeon;sport;dive;tauchen;bucear
polo;sport;polo;polo;polo
qi gong;sport;qi gong;qi gong;qi gong
quad;sport;quad;quad;patio
quilles;sport;skittles;kegel;juego de bolos
rafting;sport;rafting;rafting;canotaje
ragga;sport;ragga;ragga;trapo
raid;sport;raid;uberfallen;redada
rallye;sport;rally;rallye;reunion
randonnee;sport;trek;wanderung;emigrar
rock;sport;rock;felsen;roca
roller;sport;roller;rolle;rodillo
rugby;sport;rugby;rugby;rugby
salsa;sport;salsa;salsa;salsa
samba;sport;samba;samba;samba
sambo;sport;sambo;sambo;sambo
sarbacane;sport;sarbacane;sarbacane;sarbacano
sauvetage;sport;rescue;rettung;rescate
skateboard;sport;skateboard;skateboard;patineta
skeleton;sport;skeleton;skelett;esqueleto
ski;sport;ski;ski;esqui
snowboard;sport;snowboard;snowboard;tabla de snow
softball;sport;softball;weicher ball;sofbol
speleologie;sport;potholing;schlagholz;espeleologia
squash;sport;squash;quetschen;calabaza
sumo;sport;sumo;sumo;sumo
surf;sport;surf;surfen;navegar
taekwondo;sport;taekwondo;taekwondo;taekwondo
tambourin;sport;tambourine;tambourin;pandereta
tango;sport;tango;tango;tango
tennis;sport;tennis;tennis;tenis
tir;sport;shot;schuss;disparo
tir a l'arc;sport;archery;bogenschiessen;tiro al arco
traineaux;sport;sled;schlitten;trineo
trampoline;sport;trampoline;trampolin;trampolin
triathlon;sport;triathlon;triathlon;triatlon
trottinette;sport;scooter;roller;patineta
tumbling;sport;tumbling;stolpern;caida
ulm;sport;ulm;ulm;colmena
ultimate;sport;ultimate;ultimativ;ultimo
ultimate fresbee;sport;ultimate fresbee;ultimate fresbee;ultimate fresbee
varappe;sport;waver;wanken;vacilar
velo;sport;bike;fahrrad;bicicleta
voile;sport;sail;segel;navegar
volleyball;sport;volleyball;volleyball;voleibol
voltige;sport;aerobatics;kunstflug;acrobacia aerea
vtt;sport;mountain bike;mountainbike;bicicleta de montana
wakeboard;sport;wakeboard;wakeboard;wakeboard
waterpolo;sport;waterpolo;wasser polo;polo acuatico
yoga;sport;yoga;yoga;yoga
zumba;sport;zumba;zumba;zumba